[
  {
    "WWID": 0,
    "Manager": "",
    "LastName": "Vasquez",
    "FirstName": "Tom",
    "CompanyName": "Coach",
    "BusinessTelephone": "3100000000",
    "EmailAddress": "ibhimse@jubil.uk",
    "Title": "Manager",
    "Relationship": "Intern",
    "PartnerCompanyName": "Coach",
    "OrganizationalUnit": "Jet"
  },
  {
    "WWID": 1,
    "Manager": "Tom Vasquez",
    "LastName": "Smith",
    "FirstName": "John",
    "CompanyName": "Coach",
    "BusinessTelephone": "3100000000",
    "EmailAddress": "john.smith@example.com",
    "Title": "Senior Developer",
    "Relationship": "Engineer",
    "PartnerCompanyName": "Coach",
    "OrganizationalUnit": "Jet"
  },
  {
    "WWID": 2,
    "Manager": "Tom Vasquez",
    "LastName": "Johnson",
    "FirstName": "Emily",
    "CompanyName": "Coach",
    "BusinessTelephone": "3100000000",
    "EmailAddress": "emily.johnson@example.com",
    "Title": "Marketing Specialist",
    "Relationship": "Intern",
    "PartnerCompanyName": "Coach",
    "OrganizationalUnit": "Jet"
  },
  {
    "WWID": 3,
    "Manager": "Emily Johnson",
    "LastName": "Garcia",
    "FirstName": "Carlos",
    "CompanyName": "Coach",
    "BusinessTelephone": "3100000000",
    "EmailAddress": "carlos.garcia@example.com",
    "Title": "Financial Analyst",
    "Relationship": "Manager",
    "PartnerCompanyName": "Coach",
    "OrganizationalUnit": "Jet"
  },
  {
    "WWID": 4,
    "Manager": "Carlos Garcia",
    "LastName": "Brown",
    "FirstName": "Sophia",
    "CompanyName": "Coach",
    "BusinessTelephone": "3100000000",
    "EmailAddress": "sophia.brown@example.com",
    "Title": "HR Coordinator",
    "Relationship": "Engineer",
    "PartnerCompanyName": "Coach",
    "OrganizationalUnit": "Jet"
  },
  {
    "WWID": 5,
    "Manager": "Tom Vasquez",
    "LastName": "Lee",
    "FirstName": "Michelle",
    "CompanyName": "Coach",
    "BusinessTelephone": "3100000000",
    "EmailAddress": "michelle.lee@example.com",
    "Title": "Product Manager",
    "Relationship": "Engineer",
    "PartnerCompanyName": "Coach",
    "OrganizationalUnit": "Jet"
  },
  {
    "WWID": 6,
    "Manager": "Tom Vasquez",
    "LastName": "Anderson",
    "FirstName": "David",
    "CompanyName": "Coach",
    "BusinessTelephone": "3100000000",
    "EmailAddress": "david.anderson@example.com",
    "Title": "Sales Representative",
    "Relationship": "Intern",
    "PartnerCompanyName": "Coach",
    "OrganizationalUnit": "Jet"
  },
  {
    "WWID": 7,
    "Manager": "Michelle Lee",
    "LastName": "Martinez",
    "FirstName": "Luis",
    "CompanyName": "Coach",
    "BusinessTelephone": "3100000000",
    "EmailAddress": "luis.martinez@example.com",
    "Title": "Quality Assurance Analyst",
    "Relationship": "Manager",
    "PartnerCompanyName": "Coach",
    "OrganizationalUnit": "Jet"
  },
  {
    "WWID": 8,
    "Manager": "David Anderson",
    "LastName": "Wong",
    "FirstName": "Elena",
    "CompanyName": "Coach",
    "BusinessTelephone": "3100000000",
    "EmailAddress": "elena.wong@example.com",
    "Title": "Graphic Designer",
    "Relationship": "Engineer",
    "PartnerCompanyName": "Coach",
    "OrganizationalUnit": "Jet"
  },
  {
    "WWID": 9,
    "Manager": "Luis Martinez",
    "LastName": "Gonzalez",
    "FirstName": "Marco",
    "CompanyName": "Coach",
    "BusinessTelephone": "3100000000",
    "EmailAddress": "marco.gonzalez@example.com",
    "Title": "Operations Manager",
    "Relationship": "Intern",
    "PartnerCompanyName": "Coach",
    "OrganizationalUnit": "Jet"
  },
  {
    "WWID": 10,
    "Manager": "Tom Vasquez",
    "LastName": "Ramirez",
    "FirstName": "Isabella",
    "CompanyName": "Coach",
    "BusinessTelephone": "3100000000",
    "EmailAddress": "isabella.ramirez@example.com",
    "Title": "Data Analyst",
    "Relationship": "Engineer",
    "PartnerCompanyName": "Coach",
    "OrganizationalUnit": "Jet"
  },
  {
    "WWID": 11,
    "Manager": "Isabella Ramirez",
    "LastName": "Taylor",
    "FirstName": "Oliver",
    "CompanyName": "Coach",
    "BusinessTelephone": "3100000000",
    "EmailAddress": "oliver.taylor@example.com",
    "Title": "Content Writer",
    "Relationship": "Manager",
    "PartnerCompanyName": "Coach",
    "OrganizationalUnit": "Jet"
  },
  {
    "WWID": 12,
    "Manager": "David Anderson",
    "LastName": "Nguyen",
    "FirstName": "Sophie",
    "CompanyName": "Coach",
    "BusinessTelephone": "3100000000",
    "EmailAddress": "sophie.nguyen@example.com",
    "Title": "UX/UI Designer",
    "Relationship": "Engineer",
    "PartnerCompanyName": "Coach",
    "OrganizationalUnit": "Jet"
  },
  {
    "WWID": 13,
    "Manager": "Luis Martinez",
    "LastName": "Gomez",
    "FirstName": "Diego",
    "CompanyName": "Coach",
    "BusinessTelephone": "3100000000",
    "EmailAddress": "diego.gomez@example.com",
    "Title": "Customer Support Specialist",
    "Relationship": "Intern",
    "PartnerCompanyName": "Coach",
    "OrganizationalUnit": "Jet"
  },
  {
    "WWID": 14,
    "Manager": "Diego Gomez",
    "LastName": "Adams",
    "FirstName": "Ava",
    "CompanyName": "Coach",
    "BusinessTelephone": "3100000000",
    "EmailAddress": "ava.adams@example.com",
    "Title": "HR Manager",
    "Relationship": "Engineer",
    "PartnerCompanyName": "Coach",
    "OrganizationalUnit": "Jet"
  }
]
